CustomerID,Age,Gender,MaritalStatus,IncomeLevel,TotalSpent,NumServiceInteractions,LoginFrequency,LastLoginDate,ChurnStatus
1,62,M,Single,Low,416.5,1.0,34,2023-10-21,0
2,65,M,Married,Low,1547.4199999999998,1.0,5,2023-12-05,1
3,18,M,Single,Low,1702.98,1.0,3,2023-11-15,0
4,21,M,Widowed,Low,917.29,2.0,2,2023-08-25,0
5,21,M,Divorced,Medium,2001.49,0.0,41,2023-10-27,0
6,57,F,Divorced,Medium,1164.29,1.0,2,2023-09-17,0
7,27,F,Married,High,86.73,0.0,32,2023-01-07,0
8,37,M,Single,Low,2046.88,2.0,17,2023-04-22,1
9,39,M,Divorced,High,1317.24,1.0,24,2023-06-27,0
10,68,M,Married,High,1397.36,0.0,29,2023-01-13,1
11,54,M,Divorced,Medium,1733.83,2.0,30,2023-01-22,0
12,41,F,Married,Low,87.1,2.0,43,2023-12-31,0
13,24,F,Divorced,Low,392.02,1.0,10,2023-07-05,0
14,42,M,Widowed,Medium,2843.59,2.0,26,2023-01-10,0
15,42,M,Divorced,Medium,1914.02,2.0,44,2023-06-15,0
16,30,F,Single,Medium,2019.79,2.0,41,2023-03-15,1
17,19,M,Married,Low,1625.27,2.0,8,2023-09-03,0
18,56,F,Married,High,951.3800000000001,1.0,37,2023-11-24,1
19,57,F,Divorced,High,1017.26,2.0,39,2023-03-08,0
20,41,M,Single,Low,2775.85,1.0,16,2023-08-15,0
21,64,M,Divorced,High,913.02,0.0,18,2023-06-16,0
22,42,F,Divorced,Low,1582.73,2.0,42,2023-05-06,0
23,35,F,Divorced,Low,1490.74,2.0,19,2023-07-07,0
24,55,M,Widowed,Medium,1143.22,1.0,12,2023-10-04,0
25,43,F,Married,Low,764.77,1.0,27,2023-02-15,0
26,31,M,Single,Medium,571.76,1.0,45,2023-09-29,1
27,26,M,Widowed,Medium,2210.6,1.0,22,2023-10-01,0
28,27,F,Widowed,High,1702.26,2.0,42,2023-10-26,0
29,38,F,Divorced,Medium,853.0699999999999,2.0,34,2023-09-02,0
30,69,M,Divorced,High,706.66,2.0,38,2023-07-12,0
31,34,M,Divorced,Low,1108.56,2.0,23,2023-08-17,0
32,69,F,Married,High,1225.52,0.0,48,2023-01-06,0
33,23,M,Divorced,High,689.0,1.0,24,2023-05-19,1
34,33,M,Widowed,High,1886.4,2.0,44,2023-04-03,0
35,65,M,Married,Low,779.8399999999999,1.0,19,2023-05-23,0
36,18,F,Widowed,Low,1321.5500000000002,1.0,6,2023-02-11,0
37,36,F,Married,Medium,3166.88,1.0,3,2023-08-28,0
38,53,F,Married,Low,874.86,1.0,47,2023-11-27,0
39,42,M,Married,Medium,1191.94,0.0,26,2023-01-20,0
40,67,F,Widowed,Low,1578.3500000000001,1.0,20,2023-10-14,0
41,69,F,Married,High,363.22,1.0,38,2023-07-04,1
42,47,M,Widowed,Medium,530.61,0.0,10,2023-07-17,0
43,37,M,Single,Low,2213.63,2.0,25,2023-05-25,0
44,37,F,Widowed,Low,687.8199999999999,1.0,35,2023-11-13,0
45,32,F,Widowed,Low,300.42,1.0,49,2023-09-02,0
46,57,F,Married,High,134.67,0.0,24,2023-07-31,1
47,50,F,Married,Medium,1466.37,0.0,21,2023-04-19,0
48,19,M,Divorced,Medium,1597.29,0.0,34,2023-06-12,0
49,27,F,Single,Medium,641.48,0.0,18,2023-02-19,0
50,50,F,Single,Low,1514.62,2.0,19,2023-07-15,0
51,49,M,Divorced,Medium,549.86,0.0,3,2023-10-31,1
52,28,M,Widowed,Medium,401.25,0.0,6,2023-02-16,0
53,41,F,Widowed,Low,1255.34,0.0,20,2023-10-02,0
54,53,F,Married,Low,461.21000000000004,2.0,22,2023-01-20,0
55,29,F,Single,Low,1129.35,0.0,33,2023-08-18,0
56,68,F,Married,Low,1443.46,0.0,14,2023-08-20,0
57,46,F,Divorced,High,597.75,1.0,44,2023-07-20,0
58,52,M,Single,High,2215.82,2.0,9,2023-04-17,0
59,18,M,Married,Medium,292.51,0.0,45,2023-12-11,0
60,18,F,Single,High,781.09,2.0,25,2023-03-02,0
61,54,M,Single,Low,678.97,1.0,47,2023-12-27,1
62,23,F,Married,High,840.0,2.0,16,2023-08-27,0
63,56,M,Married,Low,2205.11,0.0,7,2023-05-26,0
64,58,F,Single,High,965.21,0.0,11,2023-06-03,0
65,35,F,Divorced,Low,1359.8899999999999,0.0,27,2023-09-25,0
66,33,M,Widowed,Medium,1409.11,0.0,40,2023-08-17,0
67,22,F,Single,Medium,701.76,2.0,17,2023-07-23,0
68,59,F,Divorced,High,886.4799999999999,2.0,5,2023-07-25,1
69,60,F,Single,Low,1038.53,1.0,29,2023-11-13,0
70,49,F,Married,Medium,2453.98,0.0,10,2023-03-15,0
71,19,F,Divorced,Low,474.59000000000003,2.0,47,2023-08-17,1
72,19,F,Divorced,High,1080.4,2.0,25,2023-04-25,1
73,57,M,Single,Low,2254.22,1.0,24,2023-10-27,1
74,59,M,Widowed,Low,2083.79,1.0,44,2023-02-19,0
75,53,F,Single,High,769.97,1.0,12,2023-06-17,1
76,56,F,Widowed,Medium,883.92,2.0,5,2023-05-09,1
77,29,M,Divorced,High,1797.06,0.0,29,2023-10-15,0
78,64,M,Widowed,Low,816.89,1.0,35,2023-10-07,0
79,36,M,Married,High,931.3199999999999,1.0,23,2023-04-20,1
80,45,M,Widowed,High,110.82,0.0,32,2023-06-09,0
81,18,F,Widowed,Low,2181.77,0.0,40,2023-12-03,1
82,32,F,Divorced,High,232.38,0.0,19,2023-05-08,0
83,53,M,Widowed,Medium,1419.9199999999998,2.0,25,2023-12-31,0
84,30,M,Divorced,Medium,1545.91,0.0,45,2023-11-30,0
85,60,M,Married,High,1690.08,0.0,37,2023-08-08,0
86,38,M,Married,Low,1674.6599999999999,0.0,1,2023-10-18,0
87,29,F,Single,High,1411.84,2.0,43,2023-11-22,0
88,22,M,Single,High,447.34000000000003,0.0,13,2023-02-08,0
89,24,M,Single,Medium,1951.99,0.0,12,2023-09-06,0
90,22,M,Married,Medium,1229.96,1.0,47,2023-05-30,0
91,65,F,Widowed,Low,1804.74,2.0,43,2023-02-03,0
92,21,F,Divorced,Low,2265.28,2.0,37,2023-07-01,0
93,30,F,Married,Low,848.07,2.0,42,2023-10-16,0
94,54,M,Widowed,High,1113.6100000000001,0.0,41,2023-06-27,0
95,58,F,Single,High,677.27,1.0,12,2023-06-20,0
96,32,F,Divorced,High,161.84,2.0,36,2023-02-27,0
97,33,M,Single,High,553.65,2.0,38,2023-12-20,0
98,38,F,Divorced,Low,893.76,1.0,9,2023-05-23,0
99,53,M,Widowed,Low,889.75,0.0,14,2023-02-10,0
100,41,F,Married,Low,1108.56,2.0,45,2023-06-02,1
101,33,F,Single,High,492.35,2.0,35,2023-01-15,0
102,31,M,Married,High,2029.96,2.0,32,2023-01-14,0
103,39,M,Widowed,Low,2297.73,2.0,46,2023-04-27,0
104,66,F,Widowed,Medium,2666.84,2.0,3,2023-03-23,1
105,67,F,Widowed,Low,1863.6,2.0,30,2023-12-24,0
106,23,M,Married,High,875.08,2.0,49,2023-07-20,0
107,59,F,Married,High,1542.76,0.0,7,2023-01-27,1
108,53,M,Divorced,Low,494.30999999999995,2.0,1,2023-03-24,1
109,18,M,Married,Medium,1274.7,2.0,20,2023-04-28,0
110,49,M,Married,Medium,723.0,2.0,25,2023-10-10,1
111,23,F,Widowed,High,613.1800000000001,1.0,33,2023-06-17,1
112,48,F,Divorced,High,750.17,1.0,35,2023-10-16,0
113,18,F,Married,High,1834.01,1.0,44,2023-04-12,0
114,67,F,Married,Low,2133.28,0.0,24,2023-08-02,0
115,68,F,Widowed,High,653.62,0.0,14,2023-09-21,0
116,54,M,Married,High,1504.28,1.0,39,2023-08-20,0
117,52,F,Widowed,High,448.48,0.0,44,2023-12-25,0
118,66,M,Divorced,Medium,1625.39,1.0,34,2023-10-01,0
119,47,M,Widowed,Medium,2012.3300000000002,2.0,18,2023-03-29,1
120,21,F,Widowed,High,1168.79,2.0,2,2023-02-23,0
121,52,M,Divorced,Medium,1073.01,2.0,38,2023-09-09,0
122,60,F,Single,Medium,2825.52,1.0,17,2023-06-14,1
123,31,M,Widowed,Medium,938.58,2.0,23,2023-03-15,1
124,66,M,Married,Medium,2283.88,2.0,33,2023-02-19,0
125,57,M,Widowed,Low,744.89,0.0,28,2023-06-21,0
126,39,F,Divorced,Medium,2323.02,0.0,15,2023-05-14,0
127,27,F,Married,Medium,1976.17,1.0,11,2023-01-18,0
128,18,F,Divorced,Medium,630.2,2.0,23,2023-07-07,1
129,28,F,Widowed,Medium,243.55,1.0,13,2023-03-21,0
130,68,M,Divorced,Low,552.23,1.0,47,2023-02-25,0
131,61,F,Divorced,Low,2726.7,1.0,11,2023-09-24,0
132,41,F,Single,High,1879.94,0.0,36,2023-06-15,0
133,20,M,Widowed,Medium,896.27,1.0,38,2023-04-13,0
134,52,M,Widowed,Medium,1570.08,1.0,27,2023-01-05,0
135,53,F,Widowed,High,441.75,0.0,18,2023-06-19,0
136,48,M,Widowed,Low,419.86,0.0,40,2023-11-07,0
137,21,F,Married,High,431.47,0.0,38,2023-06-19,1
138,36,M,Divorced,Low,2804.65,1.0,34,2023-03-20,0
139,64,F,Widowed,High,2045.49,2.0,22,2023-06-03,0
140,53,M,Married,High,1024.23,1.0,18,2023-10-21,0
141,38,F,Widowed,Medium,2483.75,2.0,41,2023-06-28,0
142,35,M,Divorced,High,1391.99,1.0,18,2023-04-27,0
143,68,F,Widowed,Low,343.27,1.0,13,2023-12-25,0
144,45,F,Married,Low,419.85,1.0,39,2023-02-18,1
145,32,F,Married,High,1768.7,2.0,16,2023-10-11,0
146,59,F,Divorced,Low,1373.73,0.0,8,2023-12-12,0
147,19,F,Widowed,High,2260.34,2.0,34,2023-09-02,0
148,54,F,Married,Medium,13.04,2.0,29,2023-03-09,0
149,28,M,Single,Medium,444.84,1.0,6,2023-02-17,0
150,40,F,Widowed,Medium,1193.26,0.0,38,2023-06-29,0
151,61,M,Single,Medium,334.2,2.0,36,2023-06-02,0
152,58,F,Married,High,1448.8,0.0,48,2023-09-30,0
153,29,M,Married,Low,1735.16,1.0,42,2023-01-26,0
154,20,F,Divorced,High,1753.55,0.0,26,2023-04-19,0
155,69,M,Divorced,Low,1883.08,2.0,18,2023-04-08,0
156,34,F,Widowed,High,702.9200000000001,0.0,11,2023-06-30,0
157,50,M,Married,Low,2412.6800000000003,0.0,27,2023-06-13,0
158,18,F,Married,Low,1471.29,0.0,30,2023-10-03,0
159,56,M,Married,High,25.75,2.0,18,2023-05-11,0
160,37,M,Married,Medium,2053.13,2.0,43,2023-05-02,1
161,64,M,Single,High,1983.84,1.0,4,2023-07-24,0
162,60,F,Married,Medium,425.88,2.0,6,2023-06-11,0
163,69,M,Divorced,High,1064.88,2.0,22,2023-01-13,0
164,58,F,Widowed,Low,955.49,1.0,2,2023-11-25,1
165,31,F,Widowed,Medium,181.34,0.0,47,2023-03-01,0
166,48,F,Widowed,Low,1241.5,1.0,48,2023-08-03,0
167,42,F,Single,Low,2356.35,1.0,40,2023-03-03,0
168,20,M,Married,Low,1126.93,2.0,32,2023-08-29,1
169,21,F,Widowed,High,2164.75,1.0,39,2023-06-18,0
170,48,M,Divorced,Low,1448.33,1.0,21,2023-10-12,1
171,52,F,Single,High,2532.71,1.0,8,2023-05-04,0
172,61,M,Married,Medium,1972.76,2.0,25,2023-12-12,0
173,31,F,Married,Low,606.09,1.0,41,2023-10-22,0
174,66,F,Married,Medium,1801.46,1.0,36,2023-03-09,1
175,58,M,Married,Medium,1218.9,2.0,4,2023-11-27,0
176,26,F,Single,High,936.78,0.0,15,2023-09-23,1
177,37,F,Divorced,Medium,429.79,1.0,28,2023-03-05,0
178,49,F,Married,High,741.63,0.0,20,2023-05-06,0
179,26,F,Single,High,412.58000000000004,0.0,38,2023-09-06,0
180,44,F,Single,Medium,1985.93,0.0,6,2023-01-30,0
181,20,F,Divorced,Medium,715.6800000000001,0.0,30,2023-04-22,0
182,21,F,Single,Medium,1491.65,2.0,32,2023-06-12,0
183,62,F,Single,High,1135.44,1.0,49,2023-04-21,1
184,32,M,Widowed,High,97.19,0.0,41,2023-04-14,0
185,50,F,Widowed,Medium,1284.89,2.0,4,2023-10-23,0
186,22,M,Divorced,High,460.87,0.0,35,2023-10-18,0
187,21,F,Widowed,Medium,513.26,2.0,30,2023-01-09,0
188,63,M,Single,High,1768.25,2.0,49,2023-03-29,0
189,29,M,Single,High,574.4699999999999,2.0,41,2023-06-21,0
190,40,M,Divorced,Low,1417.97,1.0,22,2023-04-01,1
191,31,F,Single,Low,1942.65,2.0,2,2023-02-15,0
192,63,F,Divorced,Medium,1172.53,2.0,12,2023-07-07,0
193,29,M,Widowed,Low,270.34,2.0,34,2023-05-11,0
194,34,F,Widowed,High,1388.97,0.0,34,2023-10-23,0
195,42,F,Married,Medium,1711.71,2.0,14,2023-03-07,0
196,47,M,Widowed,Low,2134.16,2.0,39,2023-01-22,0
197,39,F,Married,Medium,925.4300000000001,2.0,39,2023-03-16,1
198,64,M,Married,Medium,1461.25,0.0,45,2023-06-21,0
199,43,M,Married,High,1270.25,2.0,6,2023-01-08,0
200,34,F,Single,Low,1702.06,2.0,8,2023-02-10,0
201,37,M,Married,High,956.5799999999999,2.0,27,2023-08-14,1
202,51,F,Widowed,Medium,336.18,2.0,12,2023-03-07,0
203,58,F,Divorced,Medium,1767.9,2.0,21,2023-04-16,0
204,50,F,Widowed,Medium,454.14,2.0,38,2023-05-08,0
205,54,F,Divorced,Low,741.9699999999999,0.0,4,2023-01-27,0
206,24,M,Widowed,High,99.58,0.0,25,2023-11-27,0
207,39,F,Divorced,High,1799.17,0.0,43,2023-03-28,0
208,49,F,Widowed,Low,436.89,0.0,24,2023-06-03,0
209,31,F,Divorced,High,1328.06,0.0,12,2023-10-12,0
210,25,M,Married,High,1727.27,0.0,29,2023-07-24,0
211,42,M,Divorced,Medium,1222.21,0.0,35,2023-03-03,0
212,33,F,Married,Medium,1047.61,1.0,37,2023-06-14,0
213,59,F,Widowed,Medium,2092.89,1.0,30,2023-02-23,1
214,36,F,Divorced,Low,734.1,0.0,41,2023-11-02,0
215,58,F,Divorced,Medium,1343.7,2.0,42,2023-11-07,0
216,33,F,Widowed,High,1570.8600000000001,2.0,35,2023-09-06,0
217,29,M,Married,Low,2576.78,1.0,1,2023-08-14,1
218,56,F,Married,High,1766.57,0.0,40,2023-06-12,0
219,65,M,Single,Low,1624.32,0.0,26,2023-07-18,0
220,47,M,Single,High,1030.46,0.0,35,2023-11-12,0
221,19,F,Single,Low,1277.29,1.0,42,2023-06-16,1
222,49,M,Divorced,High,1702.45,0.0,7,2023-06-03,0
223,62,F,Divorced,Medium,1736.26,1.0,4,2023-07-22,0
224,42,M,Divorced,Low,2520.32,0.0,5,2023-05-16,0
225,42,M,Widowed,High,2650.29,2.0,39,2023-07-15,0
226,21,F,Single,High,1461.18,1.0,11,2023-03-10,0
227,36,M,Widowed,High,1250.35,0.0,15,2023-11-08,1
228,65,F,Single,High,2185.36,2.0,32,2023-10-16,0
229,21,F,Single,Medium,2559.03,1.0,37,2023-12-23,0
230,60,F,Divorced,Medium,1468.07,2.0,9,2023-09-04,1
231,30,F,Married,Low,1353.42,0.0,47,2023-02-20,1
232,56,F,Single,Low,2082.19,2.0,32,2023-09-08,0
233,53,F,Married,High,817.4200000000001,2.0,33,2023-09-18,0
234,40,M,Widowed,Low,1576.7,0.0,23,2023-06-19,1
235,23,M,Divorced,High,770.5,2.0,15,2023-12-28,0
236,41,F,Single,Low,1482.99,2.0,30,2023-09-25,1
237,61,M,Divorced,Low,398.99,0.0,16,2023-01-13,1
238,50,M,Widowed,High,762.4399999999999,1.0,22,2023-09-20,1
239,29,F,Married,Medium,2654.84,1.0,43,2023-10-09,1
240,58,M,Divorced,High,859.47,1.0,30,2023-07-27,0
241,38,F,Divorced,Medium,2185.9300000000003,1.0,1,2023-12-19,0
242,28,F,Single,Low,726.73,2.0,35,2023-02-16,1
243,61,M,Married,Medium,2362.18,1.0,18,2023-12-09,0
244,55,F,Widowed,High,1649.9,2.0,15,2023-06-21,0
245,46,F,Single,Low,2965.09,0.0,21,2023-05-18,0
246,65,F,Divorced,Medium,1171.1399999999999,1.0,40,2023-03-24,0
247,58,F,Divorced,Medium,1887.6799999999998,2.0,2,2023-12-24,0
248,20,M,Married,High,1519.1399999999999,1.0,30,2023-08-26,1
249,45,F,Widowed,Low,356.39,1.0,40,2023-02-06,0
250,37,M,Widowed,Low,1607.36,1.0,32,2023-01-09,0
251,43,F,Divorced,Medium,1968.79,1.0,28,2023-03-24,1
252,41,M,Widowed,Medium,980.71,0.0,11,2023-08-11,1
253,69,M,Single,Medium,1319.11,1.0,7,2023-12-03,0
254,64,F,Married,Low,2220.26,2.0,1,2023-08-25,1
255,38,M,Divorced,Medium,2672.69,1.0,43,2023-06-17,0
256,47,F,Widowed,Medium,208.67,2.0,28,2023-08-26,0
257,21,F,Widowed,Low,92.62,1.0,39,2023-01-31,0
258,53,M,Single,Low,832.85,2.0,19,2023-06-17,0
259,57,M,Widowed,High,1469.67,1.0,39,2023-03-16,0
260,27,M,Single,Low,2395.72,1.0,32,2023-08-24,1
261,27,M,Married,Low,489.07,1.0,49,2023-05-29,1
262,59,F,Divorced,High,2940.59,2.0,30,2023-02-04,1
263,41,M,Single,Low,13.04,2.0,2,2023-12-28,0
264,21,F,Widowed,High,525.02,1.0,44,2023-03-08,0
265,64,M,Widowed,Low,1511.8700000000001,0.0,43,2023-04-06,0
266,44,M,Married,High,459.39,1.0,37,2023-01-07,0
267,68,F,Single,Medium,461.36,1.0,19,2023-11-24,0
268,62,M,Divorced,Medium,1096.16,0.0,26,2023-12-19,0
269,21,F,Widowed,Medium,2123.87,2.0,1,2023-06-16,0
270,49,M,Single,High,734.74,1.0,42,2023-04-12,0
271,27,M,Widowed,Medium,865.97,0.0,28,2023-10-28,1
272,28,F,Divorced,Low,1170.04,2.0,26,2023-07-16,1
273,45,F,Single,High,1562.83,0.0,40,2023-08-30,0
274,63,F,Widowed,Low,1117.33,1.0,35,2023-01-24,0
275,25,F,Divorced,Low,605.79,2.0,3,2023-06-15,0
276,57,F,Single,Low,2069.7,0.0,26,2023-06-02,1
277,39,F,Single,High,1217.78,0.0,33,2023-07-06,0
278,51,F,Married,Low,1423.1,1.0,22,2023-02-22,0
279,62,M,Divorced,Medium,1209.94,1.0,6,2023-04-12,0
280,52,F,Single,High,836.33,2.0,42,2023-11-19,0
281,52,M,Married,Medium,1563.95,1.0,34,2023-12-15,0
282,42,M,Single,High,2016.68,1.0,3,2023-07-22,1
283,51,F,Widowed,Low,1362.8600000000001,0.0,17,2023-09-20,1
284,23,M,Married,Medium,1683.1299999999999,0.0,6,2023-05-15,0
285,58,M,Single,High,1026.5900000000001,0.0,42,2023-08-31,0
286,54,F,Widowed,Low,512.1899999999999,2.0,5,2023-04-03,1
287,18,M,Widowed,Low,615.0699999999999,2.0,20,2023-06-10,0
288,29,F,Widowed,High,2217.85,2.0,1,2023-03-21,0
289,52,M,Married,High,30.48,0.0,24,2023-11-14,0
290,23,M,Widowed,High,403.33,1.0,9,2023-09-15,0
291,34,F,Divorced,High,1572.74,2.0,15,2023-09-26,0
292,26,M,Single,Medium,2429.7,2.0,37,2023-12-06,0
293,19,M,Divorced,High,209.68,0.0,18,2023-01-26,0
294,35,F,Widowed,Low,1882.08,1.0,22,2023-03-19,0
295,66,F,Widowed,Medium,960.99,0.0,11,2023-03-09,0
296,53,M,Divorced,Low,261.24,1.0,38,2023-12-01,0
297,45,M,Married,Low,1714.0900000000001,0.0,3,2023-10-06,0
298,58,F,Widowed,High,1305.25,1.0,29,2023-08-23,0
299,54,M,Widowed,Medium,9.8,2.0,46,2023-11-04,0
300,66,F,Divorced,High,926.5300000000001,2.0,32,2023-10-15,0
301,43,F,Widowed,Low,1298.95,1.0,34,2023-10-02,0
302,21,M,Widowed,High,925.58,2.0,8,2023-02-18,0
303,57,F,Married,High,948.96,1.0,34,2023-05-20,0
304,53,F,Married,High,695.73,1.0,5,2023-04-28,0
305,68,M,Married,High,288.26,0.0,9,2023-07-15,0
306,48,F,Married,High,2285.6,0.0,17,2023-05-03,0
307,47,M,Married,High,1416.68,1.0,20,2023-11-04,0
308,67,M,Widowed,Medium,1791.69,0.0,42,2023-10-23,0
309,51,M,Single,High,1400.5,1.0,27,2023-04-16,0
310,36,F,Widowed,Medium,1058.14,0.0,5,2023-07-05,0
311,35,M,Widowed,High,592.9,2.0,46,2023-07-07,1
312,47,M,Single,Medium,283.16,2.0,29,2023-06-23,0
313,38,M,Divorced,Low,34.91,0.0,11,2023-06-19,0
314,20,M,Single,Medium,536.29,1.0,26,2023-03-21,0
315,23,F,Married,Medium,601.31,1.0,23,2023-10-09,1
316,55,F,Widowed,Low,649.71,0.0,18,2023-01-28,0
317,30,M,Married,High,467.83,2.0,20,2023-06-02,0
318,62,F,Single,High,2145.44,0.0,44,2023-09-11,0
319,20,F,Divorced,Medium,477.46,0.0,21,2023-03-12,0
320,65,F,Divorced,High,823.75,2.0,26,2023-02-11,0
321,45,M,Widowed,High,2007.24,2.0,32,2023-10-30,0
322,39,F,Single,Low,61.98,2.0,1,2023-11-20,0
323,57,F,Married,High,839.3,1.0,2,2023-03-10,1
324,57,F,Married,High,1369.7,2.0,4,2023-02-23,0
325,29,F,Divorced,Medium,553.79,2.0,41,2023-09-30,0
326,40,F,Widowed,High,605.89,0.0,10,2023-03-26,0
327,48,M,Single,High,403.37,2.0,28,2023-08-27,0
328,35,F,Married,Medium,848.26,0.0,49,2023-04-17,0
329,24,F,Divorced,Medium,2361.19,1.0,37,2023-08-13,0
330,25,M,Widowed,Medium,2582.54,0.0,17,2023-09-18,0
331,36,M,Divorced,High,908.3199999999999,2.0,30,2023-01-02,0
332,46,M,Widowed,High,1577.44,0.0,6,2023-12-06,0
333,61,M,Single,High,2439.39,2.0,11,2023-12-13,0
334,37,F,Divorced,High,1719.37,1.0,11,2023-01-18,0
335,67,F,Married,High,756.52,2.0,2,2023-12-27,1
336,59,F,Widowed,High,135.94,0.0,20,2023-01-25,0
337,47,F,Divorced,Medium,608.06,0.0,34,2023-08-26,0
338,64,F,Widowed,Medium,13.86,0.0,41,2023-12-04,0
339,39,M,Divorced,High,682.9399999999999,1.0,1,2023-04-23,0
340,27,F,Divorced,Low,1147.08,1.0,48,2023-09-21,0
341,43,M,Single,Medium,1022.86,1.0,27,2023-07-05,0
342,68,M,Married,High,2295.76,1.0,26,2023-10-02,1
343,50,M,Divorced,Medium,924.63,2.0,26,2023-07-26,0
344,45,F,Single,Low,1466.6,2.0,8,2023-06-27,0
345,27,F,Widowed,Medium,1980.5,1.0,29,2023-09-08,0
346,46,M,Widowed,Medium,1641.62,1.0,17,2023-01-07,0
347,61,M,Divorced,Medium,1974.45,2.0,33,2023-07-20,0
348,35,M,Married,Medium,704.7,1.0,1,2023-11-30,0
349,59,M,Widowed,High,1376.54,2.0,24,2023-08-20,0
350,18,M,Divorced,Low,2702.27,1.0,25,2023-04-23,0
351,40,M,Widowed,High,588.68,1.0,1,2023-07-23,1
352,34,F,Single,Medium,1493.9,2.0,26,2023-09-02,0
353,60,M,Divorced,Medium,266.08,2.0,16,2023-03-19,1
354,54,M,Divorced,Medium,324.4,1.0,49,2023-07-13,0
355,48,M,Divorced,Low,368.57,2.0,33,2023-01-06,0
356,42,M,Single,Low,2316.37,0.0,28,2023-07-15,0
357,21,M,Divorced,High,780.1800000000001,2.0,45,2023-09-10,0
358,69,F,Divorced,Medium,2282.8900000000003,1.0,24,2023-01-17,1
359,26,M,Single,Low,2154.17,1.0,36,2023-05-03,0
360,45,F,Widowed,Medium,1731.26,2.0,14,2023-03-26,0
361,47,M,Single,High,2348.41,0.0,49,2023-04-19,0
362,64,M,Married,High,469.14,2.0,5,2023-08-14,1
363,41,F,Single,Low,1514.16,1.0,27,2023-01-01,0
364,50,M,Widowed,High,286.8,2.0,14,2023-08-28,0
365,37,F,Divorced,Low,1188.8400000000001,1.0,24,2023-10-29,1
366,26,F,Divorced,Medium,2518.16,0.0,46,2023-01-16,0
367,25,F,Single,Low,2197.79,1.0,28,2023-09-16,0
368,41,F,Married,High,1939.2,0.0,8,2023-01-17,0
369,31,F,Single,Medium,3352.34,1.0,35,2023-02-07,0
370,35,F,Married,High,1239.81,2.0,47,2023-06-22,0
371,18,M,Single,Medium,1454.45,2.0,35,2023-06-15,0
372,29,F,Married,Medium,35.85,2.0,23,2023-10-26,0
373,46,M,Married,Medium,267.09,1.0,13,2023-05-10,0
374,54,M,Divorced,Medium,2143.59,0.0,47,2023-12-25,0
375,43,F,Married,High,133.2,1.0,17,2023-08-31,0
376,50,F,Divorced,Low,1143.8,1.0,31,2023-02-28,0
377,60,F,Single,Medium,2366.3,2.0,10,2023-05-11,0
378,32,M,Single,High,1333.6,2.0,36,2023-08-22,0
379,40,F,Single,High,1582.08,1.0,29,2023-07-24,0
380,46,F,Single,High,1172.66,0.0,16,2023-06-10,0
381,38,M,Single,Low,1087.62,1.0,33,2023-07-18,1
382,36,F,Divorced,High,2467.11,1.0,14,2023-03-01,0
383,22,M,Single,High,800.5600000000001,2.0,7,2023-08-21,0
384,40,F,Married,Low,339.16999999999996,2.0,33,2023-12-26,0
385,53,M,Widowed,High,1338.28,0.0,3,2023-08-24,1
386,37,F,Divorced,High,773.11,1.0,26,2023-10-23,0
387,25,M,Married,Low,47.52,2.0,39,2023-10-30,0
388,26,F,Widowed,Low,1787.4199999999998,0.0,5,2023-08-21,1
389,31,F,Widowed,Low,522.89,0.0,23,2023-04-04,1
390,23,M,Divorced,Medium,281.95,0.0,33,2023-02-18,0
391,18,F,Married,Low,1990.15,0.0,30,2023-07-21,0
392,26,F,Widowed,Medium,1533.34,1.0,33,2023-09-03,0
393,33,M,Widowed,Medium,1960.83,1.0,43,2023-12-04,0
394,33,M,Divorced,Low,2346.48,2.0,25,2023-07-11,0
395,29,F,Single,Medium,680.27,2.0,22,2023-07-22,1
396,22,M,Widowed,High,865.73,2.0,1,2023-05-07,1
397,57,F,Divorced,High,2322.98,0.0,10,2023-05-10,0
398,46,F,Divorced,Low,1678.1200000000001,1.0,23,2023-10-09,0
399,63,M,Married,Medium,568.35,1.0,33,2023-06-02,0
400,44,M,Divorced,High,2309.85,0.0,39,2023-03-19,0
401,28,F,Divorced,Medium,1273.3600000000001,2.0,28,2023-08-22,0
402,64,M,Single,Medium,609.5799999999999,2.0,43,2023-08-11,1
403,67,F,Widowed,High,1645.76,2.0,8,2023-08-30,0
404,45,M,Married,Low,2787.1,1.0,27,2023-10-28,1
405,69,F,Divorced,Medium,508.49,0.0,5,2023-02-25,0
406,53,F,Married,High,2017.78,2.0,15,2023-12-29,0
407,59,F,Widowed,Low,2722.74,1.0,48,2023-08-25,1
408,36,F,Divorced,Medium,2101.4,2.0,22,2023-10-14,0
409,52,F,Divorced,Medium,1524.8400000000001,1.0,35,2023-01-20,0
410,69,F,Married,Medium,1426.2,1.0,30,2023-08-09,0
411,48,F,Single,Medium,87.02,0.0,48,2023-09-20,1
412,61,M,Widowed,Low,184.86,0.0,44,2023-12-31,0
413,36,M,Widowed,Medium,1592.6100000000001,2.0,33,2023-03-16,0
414,63,M,Widowed,High,1497.89,1.0,30,2023-09-04,0
415,41,F,Divorced,High,354.64,1.0,36,2023-06-18,0
416,19,M,Divorced,High,1442.26,2.0,16,2023-04-23,0
417,24,M,Divorced,Low,873.63,0.0,38,2023-11-09,0
418,60,M,Married,High,1282.72,2.0,23,2023-09-20,0
419,66,M,Widowed,Medium,1254.4299999999998,0.0,37,2023-02-07,1
420,48,F,Widowed,Medium,2140.54,2.0,37,2023-01-06,0
421,34,F,Widowed,High,594.4200000000001,1.0,28,2023-12-16,0
422,44,M,Single,Low,1770.89,1.0,14,2023-10-04,1
423,53,F,Divorced,Low,1329.4499999999998,0.0,4,2023-04-04,0
424,67,F,Widowed,Medium,965.41,1.0,39,2023-09-24,0
425,60,F,Widowed,Medium,1768.53,2.0,33,2023-11-03,0
426,27,F,Divorced,High,1465.9299999999998,0.0,31,2023-09-10,0
427,62,F,Divorced,Low,521.56,2.0,13,2023-08-14,0
428,31,M,Widowed,High,2414.15,2.0,36,2023-08-10,0
429,24,F,Married,Medium,1361.3899999999999,2.0,10,2023-01-11,0
430,56,M,Married,Medium,148.98,2.0,47,2023-07-02,0
431,57,F,Married,High,233.87,1.0,31,2023-05-26,0
432,26,M,Married,Low,1834.48,0.0,26,2023-12-16,0
433,31,M,Single,Medium,1302.43,0.0,14,2023-12-03,1
434,25,F,Married,Medium,41.19,2.0,4,2023-11-09,0
435,34,M,Widowed,Low,488.45,1.0,33,2023-03-18,0
436,40,F,Widowed,Medium,543.99,2.0,47,2023-09-18,0
437,33,M,Widowed,Low,1698.21,0.0,13,2023-09-20,0
438,43,M,Married,Low,2131.01,1.0,48,2023-04-20,0
439,26,F,Divorced,Medium,1373.54,2.0,41,2023-02-20,0
440,53,M,Widowed,High,1920.61,2.0,34,2023-02-19,0
441,24,F,Married,Medium,2560.36,1.0,43,2023-10-28,1
442,35,M,Single,Medium,412.55,1.0,35,2023-06-20,0
443,25,F,Single,Medium,1115.64,0.0,28,2023-06-08,0
444,38,M,Widowed,Medium,387.51,0.0,31,2023-12-06,0
445,43,M,Divorced,High,1002.46,2.0,30,2023-05-27,0
446,20,F,Single,High,1516.93,2.0,32,2023-10-13,0
447,34,F,Married,High,169.69,0.0,13,2023-12-01,0
448,68,M,Married,Low,1461.03,0.0,41,2023-09-08,0
449,63,F,Single,High,1460.65,2.0,34,2023-05-11,0
450,41,M,Widowed,Low,1527.63,0.0,8,2023-09-08,1
451,42,M,Widowed,Medium,364.46,2.0,42,2023-07-13,0
452,22,M,Single,High,2341.48,1.0,25,2023-10-18,0
453,54,F,Married,High,346.54,0.0,33,2023-04-20,0
454,62,F,Divorced,High,472.88,0.0,10,2023-07-13,0
455,67,F,Married,High,565.79,2.0,40,2023-12-23,0
456,41,M,Divorced,High,2402.0,1.0,34,2023-11-22,0
457,48,M,Divorced,Medium,1730.33,2.0,44,2023-06-14,0
458,43,M,Single,High,2767.15,0.0,33,2023-01-10,0
459,38,F,Widowed,Low,62.87,1.0,5,2023-03-13,0
460,51,M,Divorced,Low,336.72,2.0,45,2023-02-24,0
461,55,F,Married,High,449.87,2.0,27,2023-07-15,0
462,41,F,Widowed,Low,391.36,0.0,8,2023-04-09,1
463,45,F,Widowed,High,1668.22,0.0,7,2023-04-17,0
464,47,F,Married,Medium,2166.33,0.0,22,2023-12-11,0
465,51,F,Single,Low,1217.08,0.0,46,2023-11-14,0
466,69,M,Widowed,High,1918.1599999999999,0.0,28,2023-06-25,1
467,69,M,Divorced,Low,1104.21,1.0,9,2023-12-17,0
468,40,M,Married,High,818.31,0.0,31,2023-12-23,0
469,25,M,Divorced,Low,1626.7,2.0,4,2023-10-24,1
470,59,F,Married,Medium,1916.68,1.0,5,2023-06-09,1
471,67,F,Married,Low,1109.17,2.0,13,2023-01-10,0
472,27,F,Widowed,Low,2217.2799999999997,0.0,6,2023-12-30,0
473,18,M,Married,Low,251.45999999999998,0.0,23,2023-01-17,0
474,37,M,Widowed,Low,2460.07,2.0,47,2023-03-15,0
475,54,F,Married,High,1635.1299999999999,1.0,35,2023-05-08,0
476,35,M,Widowed,Medium,2145.93,1.0,34,2023-01-30,0
477,38,M,Widowed,Medium,806.96,0.0,38,2023-11-20,0
478,66,M,Single,Low,1615.8400000000001,0.0,34,2023-07-16,1
479,21,F,Widowed,Low,1184.28,2.0,11,2023-09-03,0
480,60,M,Widowed,Medium,1351.01,1.0,6,2023-06-09,1
481,19,F,Widowed,Medium,3386.04,1.0,32,2023-07-19,0
482,38,M,Single,Medium,2624.42,2.0,35,2023-01-25,1
483,54,F,Divorced,Medium,1262.48,1.0,34,2023-03-23,0
484,22,M,Divorced,Low,988.39,0.0,43,2023-04-13,0
485,34,M,Single,Medium,2129.71,1.0,28,2023-09-15,0
486,66,F,Widowed,Low,758.73,2.0,5,2023-08-18,0
487,65,F,Widowed,Low,1624.23,2.0,34,2023-10-11,0
488,28,F,Married,Medium,393.84,0.0,33,2023-06-14,1
489,63,M,Divorced,High,1101.11,0.0,12,2023-11-23,0
490,58,F,Widowed,Low,2063.08,2.0,40,2023-02-28,0
491,48,M,Widowed,Medium,1483.12,1.0,44,2023-11-30,1
492,45,F,Divorced,Low,1491.8,0.0,38,2023-01-06,0
493,61,M,Widowed,High,976.0,0.0,44,2023-08-29,0
494,49,M,Single,Medium,269.73,1.0,12,2023-10-08,0
495,38,M,Widowed,Low,1738.1399999999999,1.0,37,2023-01-07,0
496,24,F,Widowed,High,216.79,1.0,1,2023-12-29,0
497,27,M,Divorced,High,1554.77,2.0,40,2023-08-30,0
498,45,F,Single,Low,763.91,0.0,5,2023-06-28,1
499,65,M,Married,Medium,458.77,1.0,2,2023-11-30,0
500,53,M,Divorced,Medium,2429.2200000000003,0.0,46,2023-11-22,0
501,37,M,Married,Low,1317.1799999999998,0.0,25,2023-04-15,0
502,30,M,Married,High,703.3299999999999,2.0,38,2023-09-20,0
503,36,F,Single,High,1336.58,0.0,25,2023-12-07,0
504,67,M,Married,High,551.93,1.0,48,2023-11-04,0
505,28,M,Single,High,2312.7,2.0,22,2023-06-23,0
506,52,F,Widowed,Low,1009.74,2.0,1,2023-08-10,1
507,51,M,Single,High,2325.03,2.0,25,2023-10-15,1
508,61,F,Divorced,Low,1536.61,0.0,33,2023-10-21,0
509,21,F,Married,Medium,2446.54,1.0,22,2023-08-08,1
510,30,M,Single,Medium,392.1,1.0,31,2023-07-04,1
511,54,M,Divorced,High,2027.8799999999999,1.0,19,2023-02-12,1
512,19,F,Single,High,1362.35,0.0,48,2023-08-02,0
513,67,F,Married,High,172.81,0.0,18,2023-06-18,0
514,18,F,Married,Medium,1606.29,0.0,1,2023-07-23,0
515,57,F,Divorced,Low,1639.58,0.0,19,2023-01-06,0
516,42,F,Divorced,Low,612.22,0.0,14,2023-12-28,1
517,54,F,Divorced,Low,1073.98,0.0,11,2023-01-11,0
518,53,F,Divorced,High,3078.6,2.0,8,2023-09-25,1
519,23,F,Divorced,Low,1894.4,2.0,18,2023-06-09,0
520,24,M,Married,High,1959.29,2.0,9,2023-07-16,0
521,21,F,Widowed,Medium,645.75,2.0,43,2023-02-09,1
522,52,M,Divorced,Low,2557.54,2.0,28,2023-09-15,0
523,58,M,Widowed,High,2090.02,0.0,11,2023-08-22,0
524,51,F,Divorced,Low,2565.36,1.0,49,2023-10-30,0
525,46,F,Divorced,Medium,462.44,1.0,41,2023-12-07,0
526,22,M,Divorced,Low,446.32,1.0,30,2023-02-14,0
527,44,M,Married,Low,343.51,0.0,44,2023-12-28,0
528,50,F,Widowed,Medium,1353.55,1.0,27,2023-05-16,0
529,63,F,Married,High,2333.7200000000003,1.0,26,2023-05-18,0
530,69,F,Single,High,1311.6399999999999,0.0,49,2023-12-06,1
531,27,F,Divorced,High,2008.12,1.0,12,2023-11-09,1
532,23,M,Divorced,Low,2372.58,2.0,38,2023-10-22,0
533,51,M,Widowed,Low,388.31,1.0,27,2023-10-29,0
534,25,M,Married,High,536.31,2.0,37,2023-08-16,0
535,48,M,Married,High,2145.98,0.0,17,2023-06-26,0
536,26,M,Married,Low,1639.36,1.0,46,2023-11-10,0
537,38,M,Divorced,High,2067.57,0.0,9,2023-05-27,1
538,25,M,Widowed,High,651.88,2.0,6,2023-06-13,0
539,21,F,Single,Low,1286.35,2.0,13,2023-09-22,0
540,39,F,Single,Medium,649.47,1.0,6,2023-01-17,0
541,45,F,Married,Low,185.03,2.0,38,2023-09-22,0
542,62,F,Widowed,High,344.77,0.0,4,2023-07-07,0
543,21,M,Married,High,939.83,1.0,16,2023-08-25,1
544,56,M,Married,Medium,1099.45,1.0,36,2023-02-21,0
545,38,F,Married,Medium,452.87,2.0,43,2023-10-08,1
546,25,M,Single,Low,575.05,2.0,14,2023-02-10,0
547,37,M,Single,Medium,716.14,0.0,29,2023-01-22,0
548,49,M,Married,High,2116.14,0.0,24,2023-11-29,0
549,18,M,Widowed,High,358.67,0.0,39,2023-09-02,0
550,23,F,Single,High,2140.26,2.0,39,2023-12-30,0
551,45,F,Married,High,3027.91,2.0,45,2023-01-03,0
552,61,F,Single,Medium,1049.96,0.0,25,2023-02-05,0
553,48,F,Divorced,High,2125.61,0.0,46,2023-11-24,0
554,27,M,Divorced,High,1822.54,1.0,46,2023-09-25,0
555,37,F,Single,High,393.99,0.0,3,2023-11-09,0
556,25,M,Married,Low,2132.54,1.0,42,2023-02-09,0
557,39,F,Single,Low,1179.98,2.0,27,2023-12-02,0
558,55,M,Widowed,High,1722.97,0.0,12,2023-10-24,0
559,46,F,Married,Medium,2151.66,1.0,43,2023-08-15,0
560,26,M,Married,Medium,203.34,0.0,2,2023-12-20,1
561,61,M,Married,Low,1369.4,1.0,38,2023-10-22,0
562,64,M,Married,Low,2160.95,0.0,26,2023-05-13,1
563,18,M,Widowed,Medium,1090.13,0.0,29,2023-06-12,0
564,58,M,Single,Low,1859.23,0.0,45,2023-06-06,0
565,69,M,Single,Low,2436.25,2.0,30,2023-04-22,1
566,56,M,Divorced,High,1867.21,0.0,38,2023-06-15,0
567,43,M,Married,Medium,472.36,0.0,41,2023-11-27,0
568,28,M,Divorced,High,1051.21,1.0,32,2023-08-16,0
569,69,F,Widowed,Low,1550.8500000000001,1.0,38,2023-11-22,0
570,52,F,Single,Low,2358.04,2.0,21,2023-08-04,0
571,41,F,Single,Low,962.48,1.0,8,2023-04-25,0
572,50,F,Married,Low,538.06,0.0,6,2023-01-26,0
573,37,F,Single,Medium,1331.4,0.0,4,2023-01-23,0
574,44,M,Widowed,Medium,2437.4,1.0,17,2023-04-01,1
575,32,F,Widowed,Medium,1550.26,2.0,21,2023-07-10,0
576,50,F,Married,Medium,755.9300000000001,2.0,4,2023-12-21,1
577,69,M,Divorced,High,2373.23,1.0,35,2023-04-25,1
578,24,F,Married,High,715.6,1.0,30,2023-04-23,0
579,51,F,Widowed,High,402.41,0.0,27,2023-05-23,1
580,62,M,Single,Low,232.75,2.0,12,2023-12-01,0
581,68,F,Single,Medium,407.65999999999997,1.0,48,2023-03-25,0
582,63,F,Single,Medium,1876.3600000000001,0.0,20,2023-10-18,0
583,59,M,Widowed,Medium,783.96,0.0,40,2023-02-15,0
584,22,M,Divorced,High,1677.08,2.0,44,2023-11-07,0
585,47,M,Married,Low,1709.36,2.0,41,2023-04-08,0
586,45,M,Divorced,Low,1667.53,1.0,33,2023-11-14,1
587,35,F,Single,Low,623.49,1.0,10,2023-04-01,0
588,53,F,Married,High,1726.51,2.0,5,2023-11-21,1
589,20,F,Widowed,Medium,2356.94,2.0,11,2023-04-20,1
590,38,M,Widowed,High,1383.59,0.0,21,2023-10-14,0
591,63,F,Divorced,Medium,215.12,2.0,20,2023-04-23,0
592,33,M,Married,Low,2642.14,0.0,44,2023-02-03,0
593,54,F,Single,Medium,2959.62,1.0,9,2023-01-04,0
594,59,M,Divorced,Low,2544.69,2.0,30,2023-06-09,0
595,22,F,Widowed,Low,2270.36,1.0,48,2023-04-23,0
596,67,F,Married,Low,1346.76,0.0,4,2023-06-07,0
597,68,M,Married,Medium,1726.8999999999999,1.0,9,2023-10-17,0
598,31,M,Widowed,High,1906.1000000000001,0.0,40,2023-07-09,0
599,48,M,Single,Low,2347.42,2.0,3,2023-12-16,0
600,63,F,Single,Medium,865.0,1.0,38,2023-11-22,0
601,41,F,Widowed,Low,2473.79,2.0,25,2023-09-11,0
602,52,M,Widowed,Medium,1158.83,0.0,37,2023-05-13,1
603,53,M,Single,High,1476.4,0.0,30,2023-06-16,0
604,27,M,Divorced,Low,437.92999999999995,2.0,31,2023-05-06,0
605,44,M,Divorced,Low,1187.98,0.0,17,2023-01-13,1
606,44,F,Married,Low,271.99,0.0,10,2023-10-03,0
607,40,M,Married,High,1489.51,1.0,8,2023-01-16,1
608,30,M,Divorced,Medium,2463.96,1.0,2,2023-01-14,0
609,33,F,Married,Low,110.77,2.0,32,2023-12-21,0
610,52,F,Divorced,Low,1504.22,0.0,11,2023-12-07,0
611,44,M,Married,High,624.87,1.0,10,2023-10-11,0
612,69,F,Divorced,Medium,1688.29,2.0,41,2023-12-17,0
613,56,M,Married,High,612.18,0.0,32,2023-08-26,0
614,64,F,Married,High,1239.16,1.0,24,2023-03-25,1
615,34,F,Divorced,Low,481.67999999999995,2.0,7,2023-08-11,0
616,65,M,Single,Medium,1674.35,1.0,29,2023-08-14,1
617,58,F,Divorced,Low,2146.58,0.0,2,2023-01-22,1
618,18,M,Divorced,Low,1025.54,2.0,16,2023-11-20,1
619,28,M,Widowed,High,244.19,1.0,31,2023-04-27,1
620,29,F,Single,High,694.35,1.0,12,2023-02-25,0
621,31,F,Married,Low,204.8,1.0,32,2023-08-15,0
622,25,M,Single,High,754.54,1.0,47,2023-10-01,0
623,48,F,Single,High,1074.25,2.0,41,2023-04-12,0
624,24,F,Single,Medium,934.44,0.0,18,2023-11-19,0
625,63,F,Widowed,Low,2452.39,0.0,3,2023-08-03,1
626,48,M,Widowed,Low,2416.9,0.0,16,2023-02-27,0
627,33,F,Married,Medium,1929.48,1.0,49,2023-11-16,1
628,59,F,Divorced,High,67.65,1.0,42,2023-01-16,0
629,56,M,Single,Medium,657.3699999999999,2.0,18,2023-01-07,0
630,61,F,Married,Medium,942.44,1.0,44,2023-08-17,1
631,36,M,Married,Medium,238.83,2.0,15,2023-07-23,0
632,25,M,Widowed,High,1060.8600000000001,1.0,41,2023-11-28,0
633,46,M,Divorced,Medium,1985.72,2.0,37,2023-11-04,0
634,19,M,Divorced,Low,1053.54,2.0,23,2023-04-21,0
635,59,F,Widowed,High,1574.74,1.0,26,2023-12-10,0
636,20,M,Single,Medium,1041.72,2.0,7,2023-09-27,0
637,68,M,Widowed,Medium,1629.96,1.0,48,2023-04-26,0
638,46,M,Married,Medium,194.63,0.0,21,2023-04-30,0
639,32,F,Widowed,Medium,1874.22,1.0,29,2023-03-30,0
640,55,M,Divorced,Medium,2408.65,2.0,45,2023-11-24,0
641,45,M,Single,Medium,1717.5700000000002,2.0,7,2023-06-15,1
642,54,M,Married,Low,1587.38,1.0,6,2023-08-15,0
643,49,M,Married,High,1060.42,0.0,27,2023-09-17,1
644,47,M,Divorced,Low,266.05,1.0,43,2023-09-11,1
645,68,M,Widowed,Medium,328.56,2.0,46,2023-06-28,0
646,64,M,Married,Medium,163.69,0.0,17,2023-02-23,1
647,47,M,Widowed,Medium,12.46,2.0,24,2023-03-11,0
648,68,M,Married,Low,1028.17,1.0,28,2023-08-11,0
649,51,M,Divorced,Medium,759.5699999999999,1.0,26,2023-07-01,0
650,30,M,Married,Low,499.67,1.0,38,2023-08-30,1
651,50,M,Married,High,1467.02,0.0,26,2023-05-17,0
652,59,F,Single,Low,1245.86,2.0,40,2023-05-18,0
653,34,F,Married,Low,392.17,1.0,1,2023-03-30,0
654,20,M,Divorced,High,1437.17,1.0,19,2023-02-19,0
655,26,F,Married,Medium,2097.25,2.0,26,2023-01-31,0
656,69,F,Divorced,Low,1567.52,0.0,35,2023-07-10,0
657,28,F,Widowed,High,1135.3,1.0,16,2023-12-07,1
658,66,M,Divorced,Low,1132.79,1.0,13,2023-06-25,1
659,44,F,Widowed,Low,1658.16,2.0,10,2023-09-25,0
660,45,F,Married,High,2676.26,2.0,8,2023-08-13,0
661,19,M,Divorced,Low,1579.69,0.0,27,2023-10-12,0
662,18,F,Single,High,758.41,0.0,26,2023-09-01,0
663,23,F,Divorced,Low,1160.99,1.0,3,2023-04-12,0
664,42,F,Widowed,Medium,1972.94,1.0,45,2023-08-24,0
665,52,F,Widowed,High,1405.19,1.0,36,2023-06-15,0
666,33,M,Single,Medium,474.38,0.0,41,2023-10-22,0
667,21,F,Divorced,Low,1442.15,1.0,8,2023-10-19,0
668,64,M,Married,Medium,1668.59,1.0,32,2023-06-03,0
669,55,F,Divorced,High,2232.41,2.0,19,2023-11-06,0
670,61,F,Divorced,Low,143.34,0.0,12,2023-04-02,0
671,37,F,Divorced,High,2587.47,1.0,45,2023-02-28,0
672,42,F,Single,Low,77.31,2.0,45,2023-04-01,0
673,24,F,Single,Medium,1779.5,2.0,13,2023-07-02,0
674,38,M,Single,Medium,2314.49,2.0,44,2023-01-23,1
675,24,M,Single,High,2461.3,2.0,48,2023-06-07,0
676,46,M,Single,High,923.55,0.0,45,2023-11-16,0
677,69,F,Married,Low,308.82,2.0,7,2023-07-05,1
678,24,M,Divorced,High,864.3,1.0,47,2023-04-22,0
679,20,F,Divorced,High,1700.3,2.0,47,2023-08-31,0
680,46,M,Married,Medium,2490.85,0.0,16,2023-12-24,0
681,46,M,Married,High,1463.19,0.0,32,2023-06-22,0
682,56,M,Married,High,1084.11,1.0,9,2023-09-14,1
683,55,F,Married,Low,1383.28,2.0,26,2023-08-19,0
684,23,M,Single,Medium,1240.94,1.0,48,2023-07-24,0
685,63,F,Divorced,Medium,534.74,0.0,40,2023-07-27,1
686,27,M,Married,Low,1019.6700000000001,0.0,47,2023-07-29,0
687,54,F,Widowed,Medium,1446.69,1.0,20,2023-11-24,0
688,31,F,Married,Low,2281.4700000000003,2.0,6,2023-10-05,0
689,39,F,Divorced,Low,897.51,0.0,11,2023-01-24,0
690,49,F,Widowed,High,638.06,0.0,29,2023-12-22,0
691,35,F,Married,High,683.19,0.0,7,2023-01-11,1
692,53,F,Single,Low,1421.26,0.0,29,2023-06-24,0
693,63,F,Single,High,2154.62,1.0,43,2023-10-01,0
694,69,F,Widowed,High,1500.44,0.0,4,2023-01-12,0
695,26,F,Single,Medium,2615.4300000000003,2.0,24,2023-02-09,1
696,43,F,Widowed,Medium,55.77,1.0,3,2023-02-10,1
697,39,M,Married,High,489.1,0.0,12,2023-07-11,0
698,63,F,Divorced,Low,273.02,0.0,35,2023-07-03,0
699,55,M,Widowed,Low,994.16,0.0,8,2023-02-14,1
700,40,M,Married,High,2810.28,2.0,38,2023-12-18,0
701,34,F,Widowed,High,2395.1,0.0,41,2023-01-18,0
702,43,M,Divorced,Low,681.77,0.0,38,2023-12-31,1
703,64,F,Single,Medium,1289.55,2.0,15,2023-09-16,0
704,55,F,Single,Medium,948.6800000000001,0.0,5,2023-11-03,0
705,19,M,Widowed,Low,1783.47,2.0,40,2023-05-16,0
706,23,F,Divorced,High,104.0,1.0,16,2023-03-27,0
707,24,M,Married,Medium,35.24,1.0,46,2023-01-02,0
708,30,M,Married,Low,807.48,1.0,28,2023-09-29,0
709,44,M,Married,High,346.94,0.0,13,2023-07-21,0
710,28,M,Widowed,High,1373.66,0.0,41,2023-04-29,0
711,32,F,Single,Medium,391.99,1.0,11,2023-02-26,0
712,26,F,Widowed,High,1159.3899999999999,2.0,37,2023-11-30,0
713,25,F,Widowed,Low,1792.54,1.0,3,2023-03-12,0
714,63,M,Widowed,Low,1170.32,0.0,8,2023-09-08,0
715,23,F,Married,Low,555.91,1.0,38,2023-06-02,0
716,65,M,Divorced,Low,3220.3,2.0,47,2023-01-11,1
717,60,M,Widowed,High,1950.63,2.0,34,2023-05-03,0
718,21,M,Married,Low,1845.21,1.0,38,2023-07-12,0
719,28,M,Widowed,Medium,434.86,0.0,42,2023-12-16,0
720,68,M,Widowed,High,1551.13,2.0,24,2023-01-30,0
721,45,M,Married,High,921.3299999999999,0.0,18,2023-04-28,0
722,43,F,Divorced,High,814.74,1.0,25,2023-04-03,0
723,21,F,Divorced,Low,2143.56,2.0,13,2023-06-02,0
724,32,F,Single,High,477.73,1.0,39,2023-10-24,0
725,36,M,Widowed,Low,627.29,0.0,22,2023-10-14,0
726,23,M,Single,Low,2048.2,1.0,30,2023-08-29,0
727,22,F,Married,High,1252.1,0.0,30,2023-08-13,0
728,35,F,Widowed,High,1552.44,1.0,37,2023-05-05,0
729,23,F,Married,Low,161.07,1.0,45,2023-02-09,0
730,48,M,Single,High,1247.79,1.0,43,2023-12-20,0
731,42,F,Married,High,1559.5,0.0,15,2023-12-20,0
732,21,F,Married,Low,1865.72,1.0,35,2023-12-16,0
733,23,M,Divorced,Low,681.14,2.0,6,2023-01-15,1
734,58,M,Widowed,High,1047.12,2.0,11,2023-09-04,0
735,54,F,Widowed,Low,2165.4900000000002,2.0,28,2023-10-05,0
736,67,F,Widowed,Low,576.3,1.0,30,2023-03-03,0
737,42,M,Married,Medium,2132.05,2.0,16,2023-05-13,0
738,51,M,Divorced,High,675.36,2.0,28,2023-05-25,0
739,36,M,Single,High,338.96999999999997,0.0,25,2023-10-07,0
740,51,M,Widowed,High,2094.81,1.0,48,2023-05-27,0
741,32,F,Married,High,2317.66,1.0,30,2023-06-22,0
742,67,F,Divorced,High,583.1,0.0,45,2023-03-30,1
743,25,F,Divorced,Low,1118.41,2.0,14,2023-07-28,0
744,61,F,Widowed,High,1132.03,0.0,27,2023-06-09,0
745,64,F,Divorced,High,2639.2799999999997,0.0,48,2023-06-10,0
746,66,M,Divorced,Medium,604.8199999999999,1.0,30,2023-12-18,0
747,51,M,Married,Low,967.0799999999999,2.0,10,2023-12-02,0
748,35,F,Single,High,284.57,0.0,20,2023-02-06,1
749,47,M,Divorced,High,618.27,2.0,44,2023-02-26,0
750,30,F,Single,High,2600.41,2.0,7,2023-08-21,0
751,64,F,Divorced,High,1172.35,1.0,34,2023-08-24,0
752,50,F,Divorced,Low,2056.76,2.0,27,2023-12-07,0
753,52,F,Divorced,Medium,1560.95,2.0,23,2023-06-26,1
754,69,M,Widowed,Medium,1122.07,0.0,46,2023-11-04,0
755,41,F,Widowed,High,539.68,0.0,45,2023-02-19,0
756,43,F,Widowed,Medium,2081.7,0.0,25,2023-08-09,0
757,64,F,Single,Medium,1484.12,1.0,28,2023-09-06,1
758,68,M,Single,Medium,1725.5,2.0,18,2023-08-07,0
759,61,F,Widowed,Medium,575.97,1.0,13,2023-03-12,0
760,59,M,Single,Medium,477.75,2.0,13,2023-01-30,0
761,64,M,Married,Low,1309.22,1.0,45,2023-01-07,0
762,18,F,Single,Low,2577.9500000000003,1.0,34,2023-11-06,1
763,30,M,Married,Low,693.13,2.0,14,2023-04-28,1
764,27,M,Widowed,Medium,496.99,0.0,28,2023-02-15,0
765,36,F,Married,Low,1079.2,1.0,13,2023-12-07,0
766,22,F,Widowed,Medium,910.23,2.0,34,2023-07-09,0
767,25,M,Widowed,Medium,2189.69,0.0,5,2023-08-10,0
768,21,F,Widowed,Low,1068.46,0.0,40,2023-08-22,0
769,66,M,Single,High,1257.45,2.0,10,2023-05-26,0
770,30,F,Divorced,Medium,970.67,2.0,36,2023-01-30,0
771,55,F,Divorced,Medium,1500.63,2.0,6,2023-04-13,0
772,63,F,Married,Low,1124.58,2.0,21,2023-04-30,0
773,66,M,Divorced,Medium,1918.91,0.0,35,2023-07-07,0
774,63,M,Widowed,Medium,41.49,0.0,16,2023-11-24,0
775,36,M,Divorced,Medium,1586.9,1.0,20,2023-08-01,1
776,69,F,Married,Low,1647.73,2.0,31,2023-08-06,0
777,67,M,Widowed,High,1488.0,0.0,5,2023-09-22,1
778,25,F,Single,High,2064.51,2.0,6,2023-07-24,0
779,44,F,Widowed,Low,1563.06,1.0,2,2023-07-17,0
780,67,M,Widowed,Medium,2107.59,1.0,39,2023-10-19,0
781,64,F,Married,High,548.61,1.0,22,2023-01-28,0
782,47,M,Single,Low,1042.79,1.0,11,2023-09-07,1
783,21,F,Widowed,Low,1133.6799999999998,0.0,15,2023-08-10,0
784,28,M,Single,Medium,1567.71,2.0,13,2023-08-09,0
785,38,F,Widowed,Medium,1960.77,1.0,33,2023-10-08,0
786,60,F,Widowed,Low,2141.4,2.0,46,2023-09-10,0
787,19,M,Married,Low,1255.38,2.0,14,2023-05-10,0
788,38,M,Widowed,Low,1041.15,0.0,39,2023-08-20,1
789,34,F,Widowed,High,1755.6999999999998,2.0,2,2023-09-20,1
790,60,M,Widowed,Medium,2782.16,1.0,10,2023-04-28,0
791,68,F,Divorced,Low,441.32,2.0,42,2023-12-21,1
792,46,F,Single,Medium,1381.17,2.0,30,2023-08-06,0
793,44,F,Married,High,1189.15,1.0,32,2023-10-14,0
794,41,F,Married,Low,2430.75,2.0,9,2023-05-23,0
795,66,F,Married,Medium,993.04,1.0,48,2023-12-31,0
796,20,M,Widowed,High,2309.95,0.0,16,2023-02-09,0
797,56,M,Single,Low,922.22,1.0,39,2023-12-29,0
798,27,M,Divorced,Medium,953.9499999999999,2.0,5,2023-05-27,0
799,20,F,Divorced,Low,912.13,1.0,46,2023-01-03,1
800,62,M,Married,Medium,1213.09,2.0,15,2023-05-28,0
801,59,M,Single,Medium,1621.99,0.0,4,2023-09-05,0
802,43,M,Divorced,High,504.29,2.0,24,2023-09-07,0
803,54,F,Married,High,2136.39,1.0,25,2023-11-14,0
804,44,M,Divorced,High,2218.53,1.0,37,2023-12-19,0
805,22,M,Divorced,High,1100.6200000000001,1.0,24,2023-01-17,0
806,59,M,Single,High,421.3,1.0,42,2023-08-20,1
807,28,F,Married,Medium,1217.41,0.0,13,2023-02-28,1
808,30,M,Divorced,High,1759.63,2.0,20,2023-08-18,0
809,58,F,Widowed,Medium,1482.3600000000001,0.0,5,2023-02-10,0
810,51,F,Widowed,Medium,1290.08,1.0,20,2023-02-17,0
811,55,M,Divorced,Low,871.11,1.0,18,2023-04-08,0
812,57,F,Single,Medium,2042.29,2.0,39,2023-03-09,1
813,50,M,Single,Medium,2206.29,0.0,49,2023-12-08,0
814,51,F,Divorced,High,1650.27,2.0,3,2023-05-22,0
815,44,M,Single,Medium,493.38,0.0,44,2023-08-21,0
816,53,M,Single,High,1299.37,0.0,31,2023-10-20,0
817,43,F,Widowed,Medium,337.9,0.0,30,2023-12-17,0
818,68,M,Married,Medium,1295.74,1.0,41,2023-03-23,0
819,42,F,Married,High,985.26,1.0,24,2023-05-06,0
820,36,M,Divorced,Low,566.46,0.0,5,2023-09-08,0
821,38,F,Divorced,Medium,304.95,1.0,20,2023-06-19,0
822,48,F,Divorced,Medium,2275.24,2.0,24,2023-01-29,0
823,46,F,Widowed,High,651.38,1.0,17,2023-12-31,1
824,26,F,Widowed,High,318.01,0.0,8,2023-02-04,0
825,36,F,Single,Low,1087.05,0.0,21,2023-11-11,0
826,43,M,Widowed,Low,1099.45,1.0,14,2023-07-18,1
827,42,M,Married,Low,2317.93,0.0,38,2023-10-09,1
828,57,F,Widowed,Medium,1361.59,1.0,32,2023-10-12,0
829,60,M,Divorced,Medium,144.37,0.0,36,2023-06-13,0
830,46,M,Married,High,395.99,0.0,40,2023-07-17,0
831,42,F,Single,High,1417.95,1.0,4,2023-09-03,1
832,36,F,Married,High,1463.62,0.0,21,2023-08-22,0
833,21,F,Widowed,Low,1000.79,1.0,25,2023-09-14,0
834,62,F,Widowed,Low,1521.8600000000001,1.0,45,2023-11-21,0
835,37,M,Single,Low,825.2,1.0,1,2023-07-21,0
836,63,M,Divorced,Medium,1130.44,2.0,47,2023-06-06,1
837,18,F,Single,Medium,1600.01,0.0,13,2023-08-26,0
838,28,M,Single,High,1729.93,2.0,16,2023-01-03,0
839,21,M,Single,Low,1182.6,0.0,29,2023-06-28,0
840,24,F,Single,Medium,997.8299999999999,1.0,39,2023-06-24,0
841,45,M,Widowed,Low,1829.46,1.0,29,2023-08-04,1
842,53,M,Divorced,Medium,2806.69,1.0,12,2023-03-29,0
843,24,F,Married,Low,1069.53,1.0,31,2023-02-07,0
844,37,M,Divorced,Medium,1505.23,0.0,20,2023-10-31,0
845,52,M,Divorced,Medium,2238.86,0.0,35,2023-02-18,0
846,68,M,Single,Medium,1667.48,0.0,41,2023-09-19,0
847,68,F,Divorced,Medium,1672.9299999999998,2.0,28,2023-11-22,0
848,56,F,Single,High,690.1600000000001,2.0,35,2023-01-03,1
849,38,M,Married,Low,830.54,2.0,29,2023-01-20,0
850,61,F,Single,Medium,38.12,0.0,44,2023-08-20,1
851,18,M,Married,Medium,580.18,1.0,39,2023-01-29,0
852,54,F,Divorced,Low,569.13,1.0,29,2023-09-23,0
853,63,M,Single,Medium,1178.95,1.0,34,2023-12-01,0
854,59,F,Widowed,Medium,47.85,2.0,10,2023-07-12,0
855,20,M,Married,Low,2656.16,2.0,37,2023-09-25,0
856,51,M,Divorced,High,524.36,0.0,48,2023-05-18,0
857,30,F,Married,High,379.0,1.0,7,2023-07-10,1
858,33,M,Single,Medium,224.33,2.0,9,2023-08-08,0
859,51,M,Widowed,High,2320.9,0.0,16,2023-07-24,0
860,41,F,Married,High,410.36,2.0,21,2023-05-27,0
861,30,F,Married,Medium,258.79,1.0,14,2023-05-16,0
862,23,M,Married,Medium,1581.13,0.0,2,2023-03-07,0
863,56,M,Divorced,High,1031.04,2.0,26,2023-10-14,0
864,19,M,Widowed,Medium,1537.15,0.0,34,2023-03-20,0
865,28,F,Widowed,Medium,2739.69,1.0,47,2023-06-10,0
866,24,F,Widowed,High,440.09000000000003,0.0,49,2023-12-26,0
867,24,M,Married,Low,985.19,0.0,18,2023-12-20,0
868,56,M,Married,High,1858.01,0.0,12,2023-07-22,0
869,56,M,Married,High,1708.06,2.0,19,2023-12-15,1
870,29,M,Married,High,358.81,1.0,36,2023-01-18,0
871,68,F,Single,Medium,1268.83,2.0,38,2023-09-16,0
872,39,M,Single,High,2710.07,0.0,16,2023-04-30,0
873,68,M,Divorced,Medium,868.72,0.0,46,2023-10-20,0
874,68,F,Married,Low,488.21,2.0,8,2023-12-29,0
875,69,F,Divorced,High,2066.71,0.0,9,2023-12-02,0
876,20,F,Widowed,Low,1940.62,1.0,4,2023-09-20,0
877,30,F,Married,High,2189.5499999999997,0.0,36,2023-05-31,0
878,47,M,Single,Medium,2181.62,0.0,47,2023-08-05,0
879,27,M,Married,Low,328.09,1.0,38,2023-07-11,0
880,69,F,Widowed,High,1311.23,2.0,49,2023-11-10,0
881,26,F,Divorced,Low,189.28,2.0,49,2023-04-01,0
882,23,M,Married,Medium,745.26,0.0,45,2023-09-10,0
883,61,M,Single,Medium,776.71,2.0,4,2023-10-15,0
884,19,M,Widowed,High,2069.03,1.0,8,2023-10-05,0
885,61,F,Widowed,High,2431.0299999999997,2.0,43,2023-01-09,0
886,33,F,Divorced,Low,2197.83,1.0,7,2023-08-21,0
887,30,F,Married,Medium,812.28,2.0,3,2023-03-11,0
888,65,M,Single,Medium,436.94,1.0,1,2023-09-04,0
889,30,M,Married,High,306.88,0.0,4,2023-01-26,0
890,39,M,Single,Medium,369.47,2.0,1,2023-03-01,0
891,36,F,Divorced,Medium,1602.17,2.0,46,2023-03-15,0
892,43,F,Widowed,Medium,183.21,1.0,42,2023-01-16,0
893,31,M,Divorced,Low,3026.91,2.0,38,2023-10-14,0
894,48,M,Widowed,Low,983.26,2.0,37,2023-08-21,0
895,46,F,Married,Low,1649.0800000000002,0.0,12,2023-09-26,0
896,62,F,Widowed,Medium,1403.03,1.0,42,2023-11-22,0
897,59,F,Single,High,2125.28,2.0,10,2023-08-21,0
898,39,M,Divorced,High,2794.0,1.0,47,2023-01-09,0
899,24,M,Widowed,High,38.78,1.0,1,2023-12-16,1
900,54,F,Widowed,Low,353.54,1.0,2,2023-03-23,0
901,66,M,Married,Medium,517.94,0.0,12,2023-01-14,0
902,58,F,Married,Low,1040.2,2.0,39,2023-09-17,0
903,44,M,Married,Low,762.78,1.0,48,2023-06-22,1
904,48,M,Single,High,1684.39,1.0,36,2023-11-24,0
905,23,M,Married,High,1222.55,1.0,7,2023-11-27,0
906,33,F,Widowed,Medium,1235.8,0.0,38,2023-04-03,1
907,55,M,Single,Low,54.82,0.0,25,2023-06-07,0
908,55,F,Married,Medium,1865.09,2.0,3,2023-12-06,0
909,67,M,Widowed,Low,718.24,0.0,27,2023-02-02,0
910,49,F,Single,Medium,797.14,0.0,24,2023-08-16,0
911,50,F,Widowed,Low,1058.9,0.0,27,2023-02-27,0
912,66,F,Married,Medium,1915.01,1.0,6,2023-07-30,0
913,34,F,Married,Low,267.44,2.0,25,2023-09-17,0
914,50,F,Single,Low,1722.8,2.0,43,2023-07-31,0
915,28,M,Divorced,High,1786.6,0.0,31,2023-06-22,0
916,30,M,Widowed,Low,1176.86,0.0,44,2023-08-31,0
917,47,F,Widowed,High,1799.3600000000001,1.0,9,2023-05-10,0
918,18,F,Divorced,Medium,1140.8200000000002,0.0,39,2023-10-11,1
919,47,F,Divorced,High,1547.47,0.0,29,2023-12-14,1
920,44,M,Widowed,Low,2059.02,1.0,14,2023-10-08,0
921,57,F,Single,High,1778.2,1.0,36,2023-11-05,0
922,40,M,Divorced,High,1135.0,1.0,29,2023-08-10,0
923,37,F,Married,Medium,2462.85,2.0,43,2023-02-10,0
924,23,M,Single,High,760.13,1.0,41,2023-03-25,1
925,54,F,Divorced,Medium,1930.4099999999999,0.0,38,2023-01-20,1
926,37,M,Married,Medium,157.62,0.0,22,2023-05-03,1
927,54,M,Married,High,1462.34,0.0,12,2023-06-06,1
928,23,F,Widowed,Low,2584.66,2.0,40,2023-05-21,0
929,46,F,Single,Medium,358.27,0.0,49,2023-02-16,0
930,30,F,Divorced,High,809.61,0.0,26,2023-08-10,0
931,44,F,Married,Medium,1985.28,1.0,46,2023-03-10,0
932,67,M,Widowed,High,350.46,1.0,28,2023-06-05,0
933,37,M,Divorced,High,74.06,2.0,21,2023-04-29,0
934,30,M,Married,Low,282.29,1.0,27,2023-11-14,0
935,56,M,Widowed,High,939.39,2.0,33,2023-10-28,1
936,25,M,Married,Medium,2591.57,0.0,29,2023-07-28,0
937,34,M,Widowed,Medium,1842.6599999999999,2.0,24,2023-03-30,1
938,47,F,Widowed,Low,695.9300000000001,1.0,32,2023-06-19,0
939,18,M,Single,Medium,394.48,0.0,6,2023-11-22,0
940,41,M,Divorced,Low,1536.43,2.0,27,2023-04-04,0
941,33,M,Widowed,High,1440.83,0.0,16,2023-09-22,0
942,28,F,Married,High,1539.42,0.0,36,2023-06-13,0
943,21,M,Divorced,High,398.92,1.0,47,2023-03-19,0
944,21,F,Divorced,Low,1280.1000000000001,2.0,30,2023-06-04,0
945,34,M,Divorced,Medium,541.1999999999999,0.0,15,2023-07-20,0
946,66,M,Single,Medium,451.82,0.0,8,2023-11-13,0
947,27,F,Widowed,High,589.06,1.0,31,2023-05-06,1
948,38,M,Widowed,Medium,1416.12,0.0,9,2023-02-12,1
949,55,M,Widowed,Low,956.3,0.0,42,2023-06-12,0
950,66,F,Widowed,Low,1085.17,0.0,21,2023-04-22,0
951,35,F,Married,Low,1494.92,2.0,39,2023-11-08,0
952,27,M,Widowed,Low,344.33,1.0,39,2023-03-20,0
953,62,M,Divorced,Medium,2580.58,2.0,43,2023-10-21,0
954,33,F,Widowed,Low,2009.3200000000002,0.0,20,2023-07-20,0
955,56,F,Widowed,Medium,1453.74,2.0,26,2023-12-08,0
956,32,F,Widowed,High,858.04,0.0,38,2023-10-20,0
957,51,F,Widowed,Medium,32.8,0.0,43,2023-06-01,0
958,22,M,Single,Low,972.8,1.0,14,2023-05-21,0
959,34,M,Divorced,Medium,285.35,0.0,48,2023-11-17,0
960,54,F,Single,High,1553.52,2.0,41,2023-02-10,0
961,25,M,Divorced,High,964.3299999999999,2.0,21,2023-05-01,0
962,41,F,Widowed,High,1021.08,2.0,19,2023-04-04,1
963,45,F,Widowed,Medium,660.3299999999999,2.0,14,2023-09-17,0
964,64,M,Divorced,Low,2348.82,2.0,9,2023-03-13,0
965,25,F,Divorced,Low,213.98,1.0,42,2023-07-11,1
966,40,F,Single,Medium,2097.75,0.0,4,2023-05-16,1
967,52,M,Single,Low,230.71,0.0,23,2023-04-28,0
968,48,M,Married,Low,344.12,1.0,22,2023-01-17,0
969,34,F,Married,Medium,1296.96,1.0,20,2023-04-25,0
970,45,M,Single,High,748.6800000000001,2.0,19,2023-03-22,1
971,65,M,Married,Low,283.95,0.0,19,2023-10-17,1
972,65,M,Single,High,1105.44,0.0,23,2023-10-26,0
973,68,M,Single,Low,56.53,0.0,31,2023-10-18,0
974,29,M,Single,High,1789.81,0.0,46,2023-09-12,0
975,41,M,Married,High,1892.1799999999998,0.0,19,2023-09-14,1
976,32,F,Divorced,Low,557.62,0.0,44,2023-02-17,0
977,57,M,Widowed,Low,772.3399999999999,2.0,20,2023-02-08,0
978,48,F,Married,Medium,1465.5,1.0,26,2023-09-14,0
979,44,F,Widowed,Low,1711.28,1.0,6,2023-05-18,1
980,52,F,Widowed,Low,2079.5,1.0,28,2023-05-04,0
981,35,M,Divorced,Medium,285.43,0.0,41,2023-09-23,0
982,53,M,Married,High,913.21,1.0,4,2023-06-20,1
983,25,F,Widowed,Medium,1395.3000000000002,2.0,49,2023-05-09,0
984,63,F,Divorced,High,1127.04,1.0,44,2023-05-01,0
985,66,F,Divorced,Medium,1752.58,2.0,9,2023-03-04,0
986,55,F,Single,Low,1392.61,2.0,49,2023-11-08,0
987,22,M,Married,Low,1683.65,0.0,14,2023-06-08,1
988,31,F,Widowed,High,2543.12,2.0,31,2023-02-14,0
989,55,M,Divorced,Low,1530.42,2.0,29,2023-07-26,1
990,37,F,Widowed,High,483.5,2.0,49,2023-06-07,1
991,61,M,Married,Medium,801.36,0.0,22,2023-09-17,0
992,26,M,Single,Low,311.62,1.0,9,2023-03-26,0
993,50,F,Widowed,High,81.64,0.0,11,2023-12-27,0
994,35,F,Single,Medium,1801.34,2.0,25,2023-07-23,0
995,23,F,Divorced,Low,1020.0,1.0,34,2023-07-31,1
996,54,F,Single,Low,227.25,0.0,38,2023-01-29,0
997,19,M,Widowed,High,419.82,0.0,5,2023-04-01,0
998,47,M,Married,Low,252.15,0.0,47,2023-07-10,0
999,23,M,Widowed,High,2393.2599999999998,0.0,23,2023-01-08,0
1000,34,M,Widowed,Low,1670.79,0.0,22,2023-08-13,0
